brand_name,slug,tagline,color_key,hex,color_desc,type_key,font,size,typo_desc
"Content Factor",content-factor,"Live, Interactive, Always in Sync",pipeline.build,#F97316,"Build stage — orange, foundation work, initial creation",,,,
"Content Factor",content-factor,"Live, Interactive, Always in Sync",pipeline.capture,#06B6D4,"Capture stage — cyan, collecting and gathering content",,,,
"Content Factor",content-factor,"Live, Interactive, Always in Sync",pipeline.measure,#DB2777,"Measure stage — pink, analytics and feedback",,,,
"Content Factor",content-factor,"Live, Interactive, Always in Sync",pipeline.publish,#2563EB,"Publish stage — blue, deployment and distribution",,,,
"Content Factor",content-factor,"Live, Interactive, Always in Sync",pipeline.transform,#84CC16,"Transform stage — lime, processing and refining",,,,
Dropframe,dropframe,"Build Your Brand in Motion",neutral.dark,#212121,"Primary text, high emphasis",type.display,Inter,40.0,"Hero headlines, major impact"
Dropframe,dropframe,"Build Your Brand in Motion",neutral.light,#F5F5F5,"Background surfaces, light base",type.display,Inter,40.0,"Hero headlines, major impact"
Dropframe,dropframe,"Build Your Brand in Motion",neutral.white,#FFFFFF,"Pure white — cards, overlays",type.display,Inter,40.0,"Hero headlines, major impact"
Dropframe,dropframe,"Build Your Brand in Motion",neutral.dark,#212121,"Primary text, high emphasis",type.h1,Inter,32.0,"Page titles, section headers"
Dropframe,dropframe,"Build Your Brand in Motion",neutral.light,#F5F5F5,"Background surfaces, light base",type.h1,Inter,32.0,"Page titles, section headers"
Dropframe,dropframe,"Build Your Brand in Motion",neutral.white,#FFFFFF,"Pure white — cards, overlays",type.h1,Inter,32.0,"Page titles, section headers"
Dropframe,dropframe,"Build Your Brand in Motion",neutral.dark,#212121,"Primary text, high emphasis",type.h2,Inter,24.0,"Subsection headers"
Dropframe,dropframe,"Build Your Brand in Motion",neutral.light,#F5F5F5,"Background surfaces, light base",type.h2,Inter,24.0,"Subsection headers"
Dropframe,dropframe,"Build Your Brand in Motion",neutral.white,#FFFFFF,"Pure white — cards, overlays",type.h2,Inter,24.0,"Subsection headers"
Dropframe,dropframe,"Build Your Brand in Motion",neutral.dark,#212121,"Primary text, high emphasis",type.h3,Inter,20.0,"Card titles, component headers"
Dropframe,dropframe,"Build Your Brand in Motion",neutral.light,#F5F5F5,"Background surfaces, light base",type.h3,Inter,20.0,"Card titles, component headers"
Dropframe,dropframe,"Build Your Brand in Motion",neutral.white,#FFFFFF,"Pure white — cards, overlays",type.h3,Inter,20.0,"Card titles, component headers"
Dropframe,dropframe,"Build Your Brand in Motion",neutral.dark,#212121,"Primary text, high emphasis",type.body.large,"Libre Franklin",18.0,"Lead paragraphs, introductions"
Dropframe,dropframe,"Build Your Brand in Motion",neutral.dark,#212121,"Primary text, high emphasis",type.h4,Inter,18.0,"Minor headings"
Dropframe,dropframe,"Build Your Brand in Motion",neutral.light,#F5F5F5,"Background surfaces, light base",type.body.large,"Libre Franklin",18.0,"Lead paragraphs, introductions"
Dropframe,dropframe,"Build Your Brand in Motion",neutral.light,#F5F5F5,"Background surfaces, light base",type.h4,Inter,18.0,"Minor headings"
Dropframe,dropframe,"Build Your Brand in Motion",neutral.white,#FFFFFF,"Pure white — cards, overlays",type.body.large,"Libre Franklin",18.0,"Lead paragraphs, introductions"
Dropframe,dropframe,"Build Your Brand in Motion",neutral.white,#FFFFFF,"Pure white — cards, overlays",type.h4,Inter,18.0,"Minor headings"
Dropframe,dropframe,"Build Your Brand in Motion",neutral.dark,#212121,"Primary text, high emphasis",type.body,"Libre Franklin",16.0,"Standard content, descriptions"
Dropframe,dropframe,"Build Your Brand in Motion",neutral.dark,#212121,"Primary text, high emphasis",type.button.large,Inter,16.0,"Primary CTAs — uppercase"
Dropframe,dropframe,"Build Your Brand in Motion",neutral.light,#F5F5F5,"Background surfaces, light base",type.body,"Libre Franklin",16.0,"Standard content, descriptions"
Dropframe,dropframe,"Build Your Brand in Motion",neutral.light,#F5F5F5,"Background surfaces, light base",type.button.large,Inter,16.0,"Primary CTAs — uppercase"
Dropframe,dropframe,"Build Your Brand in Motion",neutral.white,#FFFFFF,"Pure white — cards, overlays",type.body,"Libre Franklin",16.0,"Standard content, descriptions"
Dropframe,dropframe,"Build Your Brand in Motion",neutral.white,#FFFFFF,"Pure white — cards, overlays",type.button.large,Inter,16.0,"Primary CTAs — uppercase"
Dropframe,dropframe,"Build Your Brand in Motion",neutral.dark,#212121,"Primary text, high emphasis",type.body.small,"Libre Franklin",14.0,"Secondary information, metadata"
Dropframe,dropframe,"Build Your Brand in Motion",neutral.dark,#212121,"Primary text, high emphasis",type.button,Inter,14.0,"Standard buttons — uppercase"
Dropframe,dropframe,"Build Your Brand in Motion",neutral.light,#F5F5F5,"Background surfaces, light base",type.body.small,"Libre Franklin",14.0,"Secondary information, metadata"
Dropframe,dropframe,"Build Your Brand in Motion",neutral.light,#F5F5F5,"Background surfaces, light base",type.button,Inter,14.0,"Standard buttons — uppercase"
Dropframe,dropframe,"Build Your Brand in Motion",neutral.white,#FFFFFF,"Pure white — cards, overlays",type.body.small,"Libre Franklin",14.0,"Secondary information, metadata"
Dropframe,dropframe,"Build Your Brand in Motion",neutral.white,#FFFFFF,"Pure white — cards, overlays",type.button,Inter,14.0,"Standard buttons — uppercase"
Dropframe,dropframe,"Build Your Brand in Motion",neutral.dark,#212121,"Primary text, high emphasis",type.caption,"Libre Franklin",12.0,"Tiny labels, timestamps, footnotes"
Dropframe,dropframe,"Build Your Brand in Motion",neutral.light,#F5F5F5,"Background surfaces, light base",type.caption,"Libre Franklin",12.0,"Tiny labels, timestamps, footnotes"
Dropframe,dropframe,"Build Your Brand in Motion",neutral.white,#FFFFFF,"Pure white — cards, overlays",type.caption,"Libre Franklin",12.0,"Tiny labels, timestamps, footnotes"
Dropframe,dropframe,"Build Your Brand in Motion",dropframe.red,#C41230,"Colonial Red — calls to action, focus, urgency",type.display,Inter,40.0,"Hero headlines, major impact"
Dropframe,dropframe,"Build Your Brand in Motion",dropframe.teal,#006E6D,"Cobbs Creek Teal — primary brand accent, calm energy, digital modernity",type.display,Inter,40.0,"Hero headlines, major impact"
Dropframe,dropframe,"Build Your Brand in Motion",tier.gold,#FFC857,"Tier 1 accent — Warm Gold, achievement highlights",type.display,Inter,40.0,"Hero headlines, major impact"
Dropframe,dropframe,"Build Your Brand in Motion",tier.lavender,#B497BD,"Tier 2 accent — West Philly Lavender, trust, polish",type.display,Inter,40.0,"Hero headlines, major impact"
Dropframe,dropframe,"Build Your Brand in Motion",tier.slate,#4B4B4B,"Tier 3 accent — Slate Gray, secondary depth",type.display,Inter,40.0,"Hero headlines, major impact"
Dropframe,dropframe,"Build Your Brand in Motion",dropframe.red,#C41230,"Colonial Red — calls to action, focus, urgency",type.h1,Inter,32.0,"Page titles, section headers"
Dropframe,dropframe,"Build Your Brand in Motion",dropframe.teal,#006E6D,"Cobbs Creek Teal — primary brand accent, calm energy, digital modernity",type.h1,Inter,32.0,"Page titles, section headers"
Dropframe,dropframe,"Build Your Brand in Motion",tier.gold,#FFC857,"Tier 1 accent — Warm Gold, achievement highlights",type.h1,Inter,32.0,"Page titles, section headers"
Dropframe,dropframe,"Build Your Brand in Motion",tier.lavender,#B497BD,"Tier 2 accent — West Philly Lavender, trust, polish",type.h1,Inter,32.0,"Page titles, section headers"
Dropframe,dropframe,"Build Your Brand in Motion",tier.slate,#4B4B4B,"Tier 3 accent — Slate Gray, secondary depth",type.h1,Inter,32.0,"Page titles, section headers"
Dropframe,dropframe,"Build Your Brand in Motion",dropframe.red,#C41230,"Colonial Red — calls to action, focus, urgency",type.h2,Inter,24.0,"Subsection headers"
Dropframe,dropframe,"Build Your Brand in Motion",dropframe.teal,#006E6D,"Cobbs Creek Teal — primary brand accent, calm energy, digital modernity",type.h2,Inter,24.0,"Subsection headers"
Dropframe,dropframe,"Build Your Brand in Motion",tier.gold,#FFC857,"Tier 1 accent — Warm Gold, achievement highlights",type.h2,Inter,24.0,"Subsection headers"
Dropframe,dropframe,"Build Your Brand in Motion",tier.lavender,#B497BD,"Tier 2 accent — West Philly Lavender, trust, polish",type.h2,Inter,24.0,"Subsection headers"
Dropframe,dropframe,"Build Your Brand in Motion",tier.slate,#4B4B4B,"Tier 3 accent — Slate Gray, secondary depth",type.h2,Inter,24.0,"Subsection headers"
Dropframe,dropframe,"Build Your Brand in Motion",dropframe.red,#C41230,"Colonial Red — calls to action, focus, urgency",type.h3,Inter,20.0,"Card titles, component headers"
Dropframe,dropframe,"Build Your Brand in Motion",dropframe.teal,#006E6D,"Cobbs Creek Teal — primary brand accent, calm energy, digital modernity",type.h3,Inter,20.0,"Card titles, component headers"
Dropframe,dropframe,"Build Your Brand in Motion",tier.gold,#FFC857,"Tier 1 accent — Warm Gold, achievement highlights",type.h3,Inter,20.0,"Card titles, component headers"
Dropframe,dropframe,"Build Your Brand in Motion",tier.lavender,#B497BD,"Tier 2 accent — West Philly Lavender, trust, polish",type.h3,Inter,20.0,"Card titles, component headers"
Dropframe,dropframe,"Build Your Brand in Motion",tier.slate,#4B4B4B,"Tier 3 accent — Slate Gray, secondary depth",type.h3,Inter,20.0,"Card titles, component headers"
Dropframe,dropframe,"Build Your Brand in Motion",dropframe.red,#C41230,"Colonial Red — calls to action, focus, urgency",type.body.large,"Libre Franklin",18.0,"Lead paragraphs, introductions"
Dropframe,dropframe,"Build Your Brand in Motion",dropframe.red,#C41230,"Colonial Red — calls to action, focus, urgency",type.h4,Inter,18.0,"Minor headings"
Dropframe,dropframe,"Build Your Brand in Motion",dropframe.teal,#006E6D,"Cobbs Creek Teal — primary brand accent, calm energy, digital modernity",type.body.large,"Libre Franklin",18.0,"Lead paragraphs, introductions"
Dropframe,dropframe,"Build Your Brand in Motion",dropframe.teal,#006E6D,"Cobbs Creek Teal — primary brand accent, calm energy, digital modernity",type.h4,Inter,18.0,"Minor headings"
Dropframe,dropframe,"Build Your Brand in Motion",tier.gold,#FFC857,"Tier 1 accent — Warm Gold, achievement highlights",type.body.large,"Libre Franklin",18.0,"Lead paragraphs, introductions"
Dropframe,dropframe,"Build Your Brand in Motion",tier.gold,#FFC857,"Tier 1 accent — Warm Gold, achievement highlights",type.h4,Inter,18.0,"Minor headings"
Dropframe,dropframe,"Build Your Brand in Motion",tier.lavender,#B497BD,"Tier 2 accent — West Philly Lavender, trust, polish",type.body.large,"Libre Franklin",18.0,"Lead paragraphs, introductions"
Dropframe,dropframe,"Build Your Brand in Motion",tier.lavender,#B497BD,"Tier 2 accent — West Philly Lavender, trust, polish",type.h4,Inter,18.0,"Minor headings"
Dropframe,dropframe,"Build Your Brand in Motion",tier.slate,#4B4B4B,"Tier 3 accent — Slate Gray, secondary depth",type.body.large,"Libre Franklin",18.0,"Lead paragraphs, introductions"
Dropframe,dropframe,"Build Your Brand in Motion",tier.slate,#4B4B4B,"Tier 3 accent — Slate Gray, secondary depth",type.h4,Inter,18.0,"Minor headings"
Dropframe,dropframe,"Build Your Brand in Motion",dropframe.red,#C41230,"Colonial Red — calls to action, focus, urgency",type.body,"Libre Franklin",16.0,"Standard content, descriptions"
Dropframe,dropframe,"Build Your Brand in Motion",dropframe.red,#C41230,"Colonial Red — calls to action, focus, urgency",type.button.large,Inter,16.0,"Primary CTAs — uppercase"
Dropframe,dropframe,"Build Your Brand in Motion",dropframe.teal,#006E6D,"Cobbs Creek Teal — primary brand accent, calm energy, digital modernity",type.body,"Libre Franklin",16.0,"Standard content, descriptions"
Dropframe,dropframe,"Build Your Brand in Motion",dropframe.teal,#006E6D,"Cobbs Creek Teal — primary brand accent, calm energy, digital modernity",type.button.large,Inter,16.0,"Primary CTAs — uppercase"
Dropframe,dropframe,"Build Your Brand in Motion",tier.gold,#FFC857,"Tier 1 accent — Warm Gold, achievement highlights",type.body,"Libre Franklin",16.0,"Standard content, descriptions"
Dropframe,dropframe,"Build Your Brand in Motion",tier.gold,#FFC857,"Tier 1 accent — Warm Gold, achievement highlights",type.button.large,Inter,16.0,"Primary CTAs — uppercase"
Dropframe,dropframe,"Build Your Brand in Motion",tier.lavender,#B497BD,"Tier 2 accent — West Philly Lavender, trust, polish",type.body,"Libre Franklin",16.0,"Standard content, descriptions"
Dropframe,dropframe,"Build Your Brand in Motion",tier.lavender,#B497BD,"Tier 2 accent — West Philly Lavender, trust, polish",type.button.large,Inter,16.0,"Primary CTAs — uppercase"
Dropframe,dropframe,"Build Your Brand in Motion",tier.slate,#4B4B4B,"Tier 3 accent — Slate Gray, secondary depth",type.body,"Libre Franklin",16.0,"Standard content, descriptions"
Dropframe,dropframe,"Build Your Brand in Motion",tier.slate,#4B4B4B,"Tier 3 accent — Slate Gray, secondary depth",type.button.large,Inter,16.0,"Primary CTAs — uppercase"
Dropframe,dropframe,"Build Your Brand in Motion",dropframe.red,#C41230,"Colonial Red — calls to action, focus, urgency",type.body.small,"Libre Franklin",14.0,"Secondary information, metadata"
Dropframe,dropframe,"Build Your Brand in Motion",dropframe.red,#C41230,"Colonial Red — calls to action, focus, urgency",type.button,Inter,14.0,"Standard buttons — uppercase"
Dropframe,dropframe,"Build Your Brand in Motion",dropframe.teal,#006E6D,"Cobbs Creek Teal — primary brand accent, calm energy, digital modernity",type.body.small,"Libre Franklin",14.0,"Secondary information, metadata"
Dropframe,dropframe,"Build Your Brand in Motion",dropframe.teal,#006E6D,"Cobbs Creek Teal — primary brand accent, calm energy, digital modernity",type.button,Inter,14.0,"Standard buttons — uppercase"
Dropframe,dropframe,"Build Your Brand in Motion",tier.gold,#FFC857,"Tier 1 accent — Warm Gold, achievement highlights",type.body.small,"Libre Franklin",14.0,"Secondary information, metadata"
Dropframe,dropframe,"Build Your Brand in Motion",tier.gold,#FFC857,"Tier 1 accent — Warm Gold, achievement highlights",type.button,Inter,14.0,"Standard buttons — uppercase"
Dropframe,dropframe,"Build Your Brand in Motion",tier.lavender,#B497BD,"Tier 2 accent — West Philly Lavender, trust, polish",type.body.small,"Libre Franklin",14.0,"Secondary information, metadata"
Dropframe,dropframe,"Build Your Brand in Motion",tier.lavender,#B497BD,"Tier 2 accent — West Philly Lavender, trust, polish",type.button,Inter,14.0,"Standard buttons — uppercase"
Dropframe,dropframe,"Build Your Brand in Motion",tier.slate,#4B4B4B,"Tier 3 accent — Slate Gray, secondary depth",type.body.small,"Libre Franklin",14.0,"Secondary information, metadata"
Dropframe,dropframe,"Build Your Brand in Motion",tier.slate,#4B4B4B,"Tier 3 accent — Slate Gray, secondary depth",type.button,Inter,14.0,"Standard buttons — uppercase"
Dropframe,dropframe,"Build Your Brand in Motion",dropframe.red,#C41230,"Colonial Red — calls to action, focus, urgency",type.caption,"Libre Franklin",12.0,"Tiny labels, timestamps, footnotes"
Dropframe,dropframe,"Build Your Brand in Motion",dropframe.teal,#006E6D,"Cobbs Creek Teal — primary brand accent, calm energy, digital modernity",type.caption,"Libre Franklin",12.0,"Tiny labels, timestamps, footnotes"
Dropframe,dropframe,"Build Your Brand in Motion",tier.gold,#FFC857,"Tier 1 accent — Warm Gold, achievement highlights",type.caption,"Libre Franklin",12.0,"Tiny labels, timestamps, footnotes"
Dropframe,dropframe,"Build Your Brand in Motion",tier.lavender,#B497BD,"Tier 2 accent — West Philly Lavender, trust, polish",type.caption,"Libre Franklin",12.0,"Tiny labels, timestamps, footnotes"
Dropframe,dropframe,"Build Your Brand in Motion",tier.slate,#4B4B4B,"Tier 3 accent — Slate Gray, secondary depth",type.caption,"Libre Franklin",12.0,"Tiny labels, timestamps, footnotes"
"Grindline Studio",grindline-studio,"Where Hustle Meets Flow",neutral.light,#F3F3F3,"Light backgrounds, clean surfaces",type.display,Oswald,48.0,"Hero headlines, major impact, street presence"
"Grindline Studio",grindline-studio,"Where Hustle Meets Flow",neutral.mid,#6B7280,"Secondary text, muted content",type.display,Oswald,48.0,"Hero headlines, major impact, street presence"
"Grindline Studio",grindline-studio,"Where Hustle Meets Flow",neutral.white,#FFFFFF,"Pure white — overlays, high contrast",type.display,Oswald,48.0,"Hero headlines, major impact, street presence"
"Grindline Studio",grindline-studio,"Where Hustle Meets Flow",neutral.light,#F3F3F3,"Light backgrounds, clean surfaces",type.h1,Oswald,36.0,"Page titles, section headers"
"Grindline Studio",grindline-studio,"Where Hustle Meets Flow",neutral.mid,#6B7280,"Secondary text, muted content",type.h1,Oswald,36.0,"Page titles, section headers"
"Grindline Studio",grindline-studio,"Where Hustle Meets Flow",neutral.white,#FFFFFF,"Pure white — overlays, high contrast",type.h1,Oswald,36.0,"Page titles, section headers"
"Grindline Studio",grindline-studio,"Where Hustle Meets Flow",neutral.light,#F3F3F3,"Light backgrounds, clean surfaces",type.h2,Oswald,28.0,"Subsection headers"
"Grindline Studio",grindline-studio,"Where Hustle Meets Flow",neutral.mid,#6B7280,"Secondary text, muted content",type.h2,Oswald,28.0,"Subsection headers"
"Grindline Studio",grindline-studio,"Where Hustle Meets Flow",neutral.white,#FFFFFF,"Pure white — overlays, high contrast",type.h2,Oswald,28.0,"Subsection headers"
"Grindline Studio",grindline-studio,"Where Hustle Meets Flow",neutral.light,#F3F3F3,"Light backgrounds, clean surfaces",type.h3,Oswald,22.0,"Card titles, feature headers"
"Grindline Studio",grindline-studio,"Where Hustle Meets Flow",neutral.mid,#6B7280,"Secondary text, muted content",type.h3,Oswald,22.0,"Card titles, feature headers"
"Grindline Studio",grindline-studio,"Where Hustle Meets Flow",neutral.white,#FFFFFF,"Pure white — overlays, high contrast",type.h3,Oswald,22.0,"Card titles, feature headers"
"Grindline Studio",grindline-studio,"Where Hustle Meets Flow",neutral.light,#F3F3F3,"Light backgrounds, clean surfaces",type.body.large,"Libre Franklin",18.0,"Lead paragraphs, introductions"
"Grindline Studio",grindline-studio,"Where Hustle Meets Flow",neutral.light,#F3F3F3,"Light backgrounds, clean surfaces",type.h4,Oswald,18.0,"Minor headings"
"Grindline Studio",grindline-studio,"Where Hustle Meets Flow",neutral.mid,#6B7280,"Secondary text, muted content",type.body.large,"Libre Franklin",18.0,"Lead paragraphs, introductions"
"Grindline Studio",grindline-studio,"Where Hustle Meets Flow",neutral.mid,#6B7280,"Secondary text, muted content",type.h4,Oswald,18.0,"Minor headings"
"Grindline Studio",grindline-studio,"Where Hustle Meets Flow",neutral.white,#FFFFFF,"Pure white — overlays, high contrast",type.body.large,"Libre Franklin",18.0,"Lead paragraphs, introductions"
"Grindline Studio",grindline-studio,"Where Hustle Meets Flow",neutral.white,#FFFFFF,"Pure white — overlays, high contrast",type.h4,Oswald,18.0,"Minor headings"
"Grindline Studio",grindline-studio,"Where Hustle Meets Flow",neutral.light,#F3F3F3,"Light backgrounds, clean surfaces",type.body,"Libre Franklin",16.0,"Standard content, descriptions"
"Grindline Studio",grindline-studio,"Where Hustle Meets Flow",neutral.light,#F3F3F3,"Light backgrounds, clean surfaces",type.button.large,Oswald,16.0,"Large CTAs — uppercase"
"Grindline Studio",grindline-studio,"Where Hustle Meets Flow",neutral.mid,#6B7280,"Secondary text, muted content",type.body,"Libre Franklin",16.0,"Standard content, descriptions"
"Grindline Studio",grindline-studio,"Where Hustle Meets Flow",neutral.mid,#6B7280,"Secondary text, muted content",type.button.large,Oswald,16.0,"Large CTAs — uppercase"
"Grindline Studio",grindline-studio,"Where Hustle Meets Flow",neutral.white,#FFFFFF,"Pure white — overlays, high contrast",type.body,"Libre Franklin",16.0,"Standard content, descriptions"
"Grindline Studio",grindline-studio,"Where Hustle Meets Flow",neutral.white,#FFFFFF,"Pure white — overlays, high contrast",type.button.large,Oswald,16.0,"Large CTAs — uppercase"
"Grindline Studio",grindline-studio,"Where Hustle Meets Flow",neutral.light,#F3F3F3,"Light backgrounds, clean surfaces",type.body.small,"Libre Franklin",14.0,"Secondary information, metadata"
"Grindline Studio",grindline-studio,"Where Hustle Meets Flow",neutral.light,#F3F3F3,"Light backgrounds, clean surfaces",type.button,Oswald,14.0,"Standard buttons — uppercase"
"Grindline Studio",grindline-studio,"Where Hustle Meets Flow",neutral.mid,#6B7280,"Secondary text, muted content",type.body.small,"Libre Franklin",14.0,"Secondary information, metadata"
"Grindline Studio",grindline-studio,"Where Hustle Meets Flow",neutral.mid,#6B7280,"Secondary text, muted content",type.button,Oswald,14.0,"Standard buttons — uppercase"
"Grindline Studio",grindline-studio,"Where Hustle Meets Flow",neutral.white,#FFFFFF,"Pure white — overlays, high contrast",type.body.small,"Libre Franklin",14.0,"Secondary information, metadata"
"Grindline Studio",grindline-studio,"Where Hustle Meets Flow",neutral.white,#FFFFFF,"Pure white — overlays, high contrast",type.button,Oswald,14.0,"Standard buttons — uppercase"
"Grindline Studio",grindline-studio,"Where Hustle Meets Flow",neutral.light,#F3F3F3,"Light backgrounds, clean surfaces",type.caption,"Libre Franklin",12.0,"Tiny labels, timestamps"
"Grindline Studio",grindline-studio,"Where Hustle Meets Flow",neutral.mid,#6B7280,"Secondary text, muted content",type.caption,"Libre Franklin",12.0,"Tiny labels, timestamps"
"Grindline Studio",grindline-studio,"Where Hustle Meets Flow",neutral.white,#FFFFFF,"Pure white — overlays, high contrast",type.caption,"Libre Franklin",12.0,"Tiny labels, timestamps"
"Grindline Studio",grindline-studio,"Where Hustle Meets Flow",grindline.coral,#FF5A5F,"Burnt Coral — passion, urgency, call to action",type.display,Oswald,48.0,"Hero headlines, major impact, street presence"
"Grindline Studio",grindline-studio,"Where Hustle Meets Flow",grindline.dark,#2E2E2E,"Asphalt Gray — base dark, urban grounding, night grind",type.display,Oswald,48.0,"Hero headlines, major impact, street presence"
"Grindline Studio",grindline-studio,"Where Hustle Meets Flow",grindline.gold,#FFC857,"Warm Gold — achievement, spotlight, success moments",type.display,Oswald,48.0,"Hero headlines, major impact, street presence"
"Grindline Studio",grindline-studio,"Where Hustle Meets Flow",grindline.teal,#00A6A6,"Electric Teal — energy, modernity, movement, primary accent",type.display,Oswald,48.0,"Hero headlines, major impact, street presence"
"Grindline Studio",grindline-studio,"Where Hustle Meets Flow",grindline.coral,#FF5A5F,"Burnt Coral — passion, urgency, call to action",type.h1,Oswald,36.0,"Page titles, section headers"
"Grindline Studio",grindline-studio,"Where Hustle Meets Flow",grindline.dark,#2E2E2E,"Asphalt Gray — base dark, urban grounding, night grind",type.h1,Oswald,36.0,"Page titles, section headers"
"Grindline Studio",grindline-studio,"Where Hustle Meets Flow",grindline.gold,#FFC857,"Warm Gold — achievement, spotlight, success moments",type.h1,Oswald,36.0,"Page titles, section headers"
"Grindline Studio",grindline-studio,"Where Hustle Meets Flow",grindline.teal,#00A6A6,"Electric Teal — energy, modernity, movement, primary accent",type.h1,Oswald,36.0,"Page titles, section headers"
"Grindline Studio",grindline-studio,"Where Hustle Meets Flow",grindline.coral,#FF5A5F,"Burnt Coral — passion, urgency, call to action",type.h2,Oswald,28.0,"Subsection headers"
"Grindline Studio",grindline-studio,"Where Hustle Meets Flow",grindline.dark,#2E2E2E,"Asphalt Gray — base dark, urban grounding, night grind",type.h2,Oswald,28.0,"Subsection headers"
"Grindline Studio",grindline-studio,"Where Hustle Meets Flow",grindline.gold,#FFC857,"Warm Gold — achievement, spotlight, success moments",type.h2,Oswald,28.0,"Subsection headers"
"Grindline Studio",grindline-studio,"Where Hustle Meets Flow",grindline.teal,#00A6A6,"Electric Teal — energy, modernity, movement, primary accent",type.h2,Oswald,28.0,"Subsection headers"
"Grindline Studio",grindline-studio,"Where Hustle Meets Flow",grindline.coral,#FF5A5F,"Burnt Coral — passion, urgency, call to action",type.h3,Oswald,22.0,"Card titles, feature headers"
"Grindline Studio",grindline-studio,"Where Hustle Meets Flow",grindline.dark,#2E2E2E,"Asphalt Gray — base dark, urban grounding, night grind",type.h3,Oswald,22.0,"Card titles, feature headers"
"Grindline Studio",grindline-studio,"Where Hustle Meets Flow",grindline.gold,#FFC857,"Warm Gold — achievement, spotlight, success moments",type.h3,Oswald,22.0,"Card titles, feature headers"
"Grindline Studio",grindline-studio,"Where Hustle Meets Flow",grindline.teal,#00A6A6,"Electric Teal — energy, modernity, movement, primary accent",type.h3,Oswald,22.0,"Card titles, feature headers"
"Grindline Studio",grindline-studio,"Where Hustle Meets Flow",grindline.coral,#FF5A5F,"Burnt Coral — passion, urgency, call to action",type.body.large,"Libre Franklin",18.0,"Lead paragraphs, introductions"
"Grindline Studio",grindline-studio,"Where Hustle Meets Flow",grindline.coral,#FF5A5F,"Burnt Coral — passion, urgency, call to action",type.h4,Oswald,18.0,"Minor headings"
"Grindline Studio",grindline-studio,"Where Hustle Meets Flow",grindline.dark,#2E2E2E,"Asphalt Gray — base dark, urban grounding, night grind",type.body.large,"Libre Franklin",18.0,"Lead paragraphs, introductions"
"Grindline Studio",grindline-studio,"Where Hustle Meets Flow",grindline.dark,#2E2E2E,"Asphalt Gray — base dark, urban grounding, night grind",type.h4,Oswald,18.0,"Minor headings"
"Grindline Studio",grindline-studio,"Where Hustle Meets Flow",grindline.gold,#FFC857,"Warm Gold — achievement, spotlight, success moments",type.body.large,"Libre Franklin",18.0,"Lead paragraphs, introductions"
"Grindline Studio",grindline-studio,"Where Hustle Meets Flow",grindline.gold,#FFC857,"Warm Gold — achievement, spotlight, success moments",type.h4,Oswald,18.0,"Minor headings"
"Grindline Studio",grindline-studio,"Where Hustle Meets Flow",grindline.teal,#00A6A6,"Electric Teal — energy, modernity, movement, primary accent",type.body.large,"Libre Franklin",18.0,"Lead paragraphs, introductions"
"Grindline Studio",grindline-studio,"Where Hustle Meets Flow",grindline.teal,#00A6A6,"Electric Teal — energy, modernity, movement, primary accent",type.h4,Oswald,18.0,"Minor headings"
"Grindline Studio",grindline-studio,"Where Hustle Meets Flow",grindline.coral,#FF5A5F,"Burnt Coral — passion, urgency, call to action",type.body,"Libre Franklin",16.0,"Standard content, descriptions"
"Grindline Studio",grindline-studio,"Where Hustle Meets Flow",grindline.coral,#FF5A5F,"Burnt Coral — passion, urgency, call to action",type.button.large,Oswald,16.0,"Large CTAs — uppercase"
"Grindline Studio",grindline-studio,"Where Hustle Meets Flow",grindline.dark,#2E2E2E,"Asphalt Gray — base dark, urban grounding, night grind",type.body,"Libre Franklin",16.0,"Standard content, descriptions"
"Grindline Studio",grindline-studio,"Where Hustle Meets Flow",grindline.dark,#2E2E2E,"Asphalt Gray — base dark, urban grounding, night grind",type.button.large,Oswald,16.0,"Large CTAs — uppercase"
"Grindline Studio",grindline-studio,"Where Hustle Meets Flow",grindline.gold,#FFC857,"Warm Gold — achievement, spotlight, success moments",type.body,"Libre Franklin",16.0,"Standard content, descriptions"
"Grindline Studio",grindline-studio,"Where Hustle Meets Flow",grindline.gold,#FFC857,"Warm Gold — achievement, spotlight, success moments",type.button.large,Oswald,16.0,"Large CTAs — uppercase"
"Grindline Studio",grindline-studio,"Where Hustle Meets Flow",grindline.teal,#00A6A6,"Electric Teal — energy, modernity, movement, primary accent",type.body,"Libre Franklin",16.0,"Standard content, descriptions"
"Grindline Studio",grindline-studio,"Where Hustle Meets Flow",grindline.teal,#00A6A6,"Electric Teal — energy, modernity, movement, primary accent",type.button.large,Oswald,16.0,"Large CTAs — uppercase"
"Grindline Studio",grindline-studio,"Where Hustle Meets Flow",grindline.coral,#FF5A5F,"Burnt Coral — passion, urgency, call to action",type.body.small,"Libre Franklin",14.0,"Secondary information, metadata"
"Grindline Studio",grindline-studio,"Where Hustle Meets Flow",grindline.coral,#FF5A5F,"Burnt Coral — passion, urgency, call to action",type.button,Oswald,14.0,"Standard buttons — uppercase"
"Grindline Studio",grindline-studio,"Where Hustle Meets Flow",grindline.dark,#2E2E2E,"Asphalt Gray — base dark, urban grounding, night grind",type.body.small,"Libre Franklin",14.0,"Secondary information, metadata"
"Grindline Studio",grindline-studio,"Where Hustle Meets Flow",grindline.dark,#2E2E2E,"Asphalt Gray — base dark, urban grounding, night grind",type.button,Oswald,14.0,"Standard buttons — uppercase"
"Grindline Studio",grindline-studio,"Where Hustle Meets Flow",grindline.gold,#FFC857,"Warm Gold — achievement, spotlight, success moments",type.body.small,"Libre Franklin",14.0,"Secondary information, metadata"
"Grindline Studio",grindline-studio,"Where Hustle Meets Flow",grindline.gold,#FFC857,"Warm Gold — achievement, spotlight, success moments",type.button,Oswald,14.0,"Standard buttons — uppercase"
"Grindline Studio",grindline-studio,"Where Hustle Meets Flow",grindline.teal,#00A6A6,"Electric Teal — energy, modernity, movement, primary accent",type.body.small,"Libre Franklin",14.0,"Secondary information, metadata"
"Grindline Studio",grindline-studio,"Where Hustle Meets Flow",grindline.teal,#00A6A6,"Electric Teal — energy, modernity, movement, primary accent",type.button,Oswald,14.0,"Standard buttons — uppercase"
"Grindline Studio",grindline-studio,"Where Hustle Meets Flow",grindline.coral,#FF5A5F,"Burnt Coral — passion, urgency, call to action",type.caption,"Libre Franklin",12.0,"Tiny labels, timestamps"
"Grindline Studio",grindline-studio,"Where Hustle Meets Flow",grindline.dark,#2E2E2E,"Asphalt Gray — base dark, urban grounding, night grind",type.caption,"Libre Franklin",12.0,"Tiny labels, timestamps"
"Grindline Studio",grindline-studio,"Where Hustle Meets Flow",grindline.gold,#FFC857,"Warm Gold — achievement, spotlight, success moments",type.caption,"Libre Franklin",12.0,"Tiny labels, timestamps"
"Grindline Studio",grindline-studio,"Where Hustle Meets Flow",grindline.teal,#00A6A6,"Electric Teal — energy, modernity, movement, primary accent",type.caption,"Libre Franklin",12.0,"Tiny labels, timestamps"
"Radiant Systems",radiant-systems,"Operational Permanence",,,,,,,
"Style System",style-system,"Live, Interactive, Always in Sync",brand.primary,#3B82F6,"Primary actions, highlights, key icons, brand identity",,,,
"Style System",style-system,"Live, Interactive, Always in Sync",brand.primary.light,#60A5FA,"Hover states, secondary accents, lighter emphasis",,,,
"Style System",style-system,"Live, Interactive, Always in Sync",neutral.100,#F3F4F6,,,,,
"Style System",style-system,"Live, Interactive, Always in Sync",neutral.200,#E5E7EB,,,,,
"Style System",style-system,"Live, Interactive, Always in Sync",neutral.300,#D1D5DB,,,,,
"Style System",style-system,"Live, Interactive, Always in Sync",neutral.400,#9CA3AF,,,,,
"Style System",style-system,"Live, Interactive, Always in Sync",neutral.50,#F9FAFB,,,,,
"Style System",style-system,"Live, Interactive, Always in Sync",neutral.500,#6B7280,,,,,
"Style System",style-system,"Live, Interactive, Always in Sync",neutral.600,#4B5563,,,,,
"Style System",style-system,"Live, Interactive, Always in Sync",neutral.700,#374151,,,,,
"Style System",style-system,"Live, Interactive, Always in Sync",neutral.800,#1F2937,,,,,
"Style System",style-system,"Live, Interactive, Always in Sync",neutral.900,#111827,,,,,
"VSM School",vsm-school,"From foundation to mastery, one phase at a time",brand.primary,#1C2C4B,"Deep Indigo — primary brand identity, headings, key emphasis, trust and depth",type.display,"Noto Sans Display",40.0,"Hero text, landing pages, major impact"
"VSM School",vsm-school,"From foundation to mastery, one phase at a time",brand.primary,#1C2C4B,"Deep Indigo — primary brand identity, headings, key emphasis, trust and depth",type.h1,"Noto Sans Display",32.0,"Page titles, phase headers"
"VSM School",vsm-school,"From foundation to mastery, one phase at a time",brand.primary,#1C2C4B,"Deep Indigo — primary brand identity, headings, key emphasis, trust and depth",type.h2,"Noto Sans Display",28.0,"Section headers, major divisions"
"VSM School",vsm-school,"From foundation to mastery, one phase at a time",brand.primary,#1C2C4B,"Deep Indigo — primary brand identity, headings, key emphasis, trust and depth",type.h3,"Noto Sans Display",22.0,"Subsection headers, lesson titles"
"VSM School",vsm-school,"From foundation to mastery, one phase at a time",brand.primary,#1C2C4B,"Deep Indigo — primary brand identity, headings, key emphasis, trust and depth",type.body.large,Inter,18.0,"Lead paragraphs, introductions"
"VSM School",vsm-school,"From foundation to mastery, one phase at a time",brand.primary,#1C2C4B,"Deep Indigo — primary brand identity, headings, key emphasis, trust and depth",type.h4,"Noto Sans Display",18.0,"Card titles, minor headings"
"VSM School",vsm-school,"From foundation to mastery, one phase at a time",brand.primary,#1C2C4B,"Deep Indigo — primary brand identity, headings, key emphasis, trust and depth",type.body,Inter,16.0,"Standard content, instructions, descriptions"
"VSM School",vsm-school,"From foundation to mastery, one phase at a time",brand.primary,#1C2C4B,"Deep Indigo — primary brand identity, headings, key emphasis, trust and depth",type.button,Inter,16.0,"Button labels, CTAs"
"VSM School",vsm-school,"From foundation to mastery, one phase at a time",brand.primary,#1C2C4B,"Deep Indigo — primary brand identity, headings, key emphasis, trust and depth",type.emphasis,Inter,16.0,"Emphasized body text, key concepts"
"VSM School",vsm-school,"From foundation to mastery, one phase at a time",brand.primary,#1C2C4B,"Deep Indigo — primary brand identity, headings, key emphasis, trust and depth",type.body.small,Inter,14.0,"Secondary information, metadata"
"VSM School",vsm-school,"From foundation to mastery, one phase at a time",brand.primary,#1C2C4B,"Deep Indigo — primary brand identity, headings, key emphasis, trust and depth",type.label,Inter,14.0,"Form labels, card categories, phase labels"
"VSM School",vsm-school,"From foundation to mastery, one phase at a time",brand.primary,#1C2C4B,"Deep Indigo — primary brand identity, headings, key emphasis, trust and depth",type.caption,Inter,12.0,"Tiny labels, timestamps, footnotes"
"VSM School",vsm-school,"From foundation to mastery, one phase at a time",neutral.mid,#9E9E9E,"Mid grey — borders, dividers, inactive states",type.display,"Noto Sans Display",40.0,"Hero text, landing pages, major impact"
"VSM School",vsm-school,"From foundation to mastery, one phase at a time",neutral.white,#FFFFFF,"Pure white — overlays, highest contrast",type.display,"Noto Sans Display",40.0,"Hero text, landing pages, major impact"
"VSM School",vsm-school,"From foundation to mastery, one phase at a time",neutral.mid,#9E9E9E,"Mid grey — borders, dividers, inactive states",type.h1,"Noto Sans Display",32.0,"Page titles, phase headers"
"VSM School",vsm-school,"From foundation to mastery, one phase at a time",neutral.white,#FFFFFF,"Pure white — overlays, highest contrast",type.h1,"Noto Sans Display",32.0,"Page titles, phase headers"
"VSM School",vsm-school,"From foundation to mastery, one phase at a time",neutral.mid,#9E9E9E,"Mid grey — borders, dividers, inactive states",type.h2,"Noto Sans Display",28.0,"Section headers, major divisions"
"VSM School",vsm-school,"From foundation to mastery, one phase at a time",neutral.white,#FFFFFF,"Pure white — overlays, highest contrast",type.h2,"Noto Sans Display",28.0,"Section headers, major divisions"
"VSM School",vsm-school,"From foundation to mastery, one phase at a time",neutral.mid,#9E9E9E,"Mid grey — borders, dividers, inactive states",type.h3,"Noto Sans Display",22.0,"Subsection headers, lesson titles"
"VSM School",vsm-school,"From foundation to mastery, one phase at a time",neutral.white,#FFFFFF,"Pure white — overlays, highest contrast",type.h3,"Noto Sans Display",22.0,"Subsection headers, lesson titles"
"VSM School",vsm-school,"From foundation to mastery, one phase at a time",neutral.mid,#9E9E9E,"Mid grey — borders, dividers, inactive states",type.body.large,Inter,18.0,"Lead paragraphs, introductions"
"VSM School",vsm-school,"From foundation to mastery, one phase at a time",neutral.mid,#9E9E9E,"Mid grey — borders, dividers, inactive states",type.h4,"Noto Sans Display",18.0,"Card titles, minor headings"
"VSM School",vsm-school,"From foundation to mastery, one phase at a time",neutral.white,#FFFFFF,"Pure white — overlays, highest contrast",type.body.large,Inter,18.0,"Lead paragraphs, introductions"
"VSM School",vsm-school,"From foundation to mastery, one phase at a time",neutral.white,#FFFFFF,"Pure white — overlays, highest contrast",type.h4,"Noto Sans Display",18.0,"Card titles, minor headings"
"VSM School",vsm-school,"From foundation to mastery, one phase at a time",neutral.mid,#9E9E9E,"Mid grey — borders, dividers, inactive states",type.body,Inter,16.0,"Standard content, instructions, descriptions"
"VSM School",vsm-school,"From foundation to mastery, one phase at a time",neutral.mid,#9E9E9E,"Mid grey — borders, dividers, inactive states",type.button,Inter,16.0,"Button labels, CTAs"
"VSM School",vsm-school,"From foundation to mastery, one phase at a time",neutral.mid,#9E9E9E,"Mid grey — borders, dividers, inactive states",type.emphasis,Inter,16.0,"Emphasized body text, key concepts"
"VSM School",vsm-school,"From foundation to mastery, one phase at a time",neutral.white,#FFFFFF,"Pure white — overlays, highest contrast",type.body,Inter,16.0,"Standard content, instructions, descriptions"
"VSM School",vsm-school,"From foundation to mastery, one phase at a time",neutral.white,#FFFFFF,"Pure white — overlays, highest contrast",type.button,Inter,16.0,"Button labels, CTAs"
"VSM School",vsm-school,"From foundation to mastery, one phase at a time",neutral.white,#FFFFFF,"Pure white — overlays, highest contrast",type.emphasis,Inter,16.0,"Emphasized body text, key concepts"
"VSM School",vsm-school,"From foundation to mastery, one phase at a time",neutral.mid,#9E9E9E,"Mid grey — borders, dividers, inactive states",type.body.small,Inter,14.0,"Secondary information, metadata"
"VSM School",vsm-school,"From foundation to mastery, one phase at a time",neutral.mid,#9E9E9E,"Mid grey — borders, dividers, inactive states",type.label,Inter,14.0,"Form labels, card categories, phase labels"
"VSM School",vsm-school,"From foundation to mastery, one phase at a time",neutral.white,#FFFFFF,"Pure white — overlays, highest contrast",type.body.small,Inter,14.0,"Secondary information, metadata"
"VSM School",vsm-school,"From foundation to mastery, one phase at a time",neutral.white,#FFFFFF,"Pure white — overlays, highest contrast",type.label,Inter,14.0,"Form labels, card categories, phase labels"
"VSM School",vsm-school,"From foundation to mastery, one phase at a time",neutral.mid,#9E9E9E,"Mid grey — borders, dividers, inactive states",type.caption,Inter,12.0,"Tiny labels, timestamps, footnotes"
"VSM School",vsm-school,"From foundation to mastery, one phase at a time",neutral.white,#FFFFFF,"Pure white — overlays, highest contrast",type.caption,Inter,12.0,"Tiny labels, timestamps, footnotes"
"VSM School",vsm-school,"From foundation to mastery, one phase at a time",accent.error,#C5544D,"Terra Cotta — errors, critical alerts, needs correction",type.display,"Noto Sans Display",40.0,"Hero text, landing pages, major impact"
"VSM School",vsm-school,"From foundation to mastery, one phase at a time",accent.success,#88A57B,"Sage Green — success states, completion, mastery achieved",type.display,"Noto Sans Display",40.0,"Hero text, landing pages, major impact"
"VSM School",vsm-school,"From foundation to mastery, one phase at a time",accent.warning,#E2B13C,"Amber — warnings, attention needed, caution",type.display,"Noto Sans Display",40.0,"Hero text, landing pages, major impact"
"VSM School",vsm-school,"From foundation to mastery, one phase at a time",brand.neutralDark,#4A4A4A,"Stone Grey — body text, secondary headings, grounded elements",type.display,"Noto Sans Display",40.0,"Hero text, landing pages, major impact"
"VSM School",vsm-school,"From foundation to mastery, one phase at a time",brand.neutralLight,#F5F5F5,"Soft Background — page base, card surfaces, breathing space",type.display,"Noto Sans Display",40.0,"Hero text, landing pages, major impact"
"VSM School",vsm-school,"From foundation to mastery, one phase at a time",brand.secondary,#A78A55,"Warm Gold — achievement, value, highlights, progress indicators",type.display,"Noto Sans Display",40.0,"Hero text, landing pages, major impact"
"VSM School",vsm-school,"From foundation to mastery, one phase at a time",accent.error,#C5544D,"Terra Cotta — errors, critical alerts, needs correction",type.h1,"Noto Sans Display",32.0,"Page titles, phase headers"
"VSM School",vsm-school,"From foundation to mastery, one phase at a time",accent.success,#88A57B,"Sage Green — success states, completion, mastery achieved",type.h1,"Noto Sans Display",32.0,"Page titles, phase headers"
"VSM School",vsm-school,"From foundation to mastery, one phase at a time",accent.warning,#E2B13C,"Amber — warnings, attention needed, caution",type.h1,"Noto Sans Display",32.0,"Page titles, phase headers"
"VSM School",vsm-school,"From foundation to mastery, one phase at a time",brand.neutralDark,#4A4A4A,"Stone Grey — body text, secondary headings, grounded elements",type.h1,"Noto Sans Display",32.0,"Page titles, phase headers"
"VSM School",vsm-school,"From foundation to mastery, one phase at a time",brand.neutralLight,#F5F5F5,"Soft Background — page base, card surfaces, breathing space",type.h1,"Noto Sans Display",32.0,"Page titles, phase headers"
"VSM School",vsm-school,"From foundation to mastery, one phase at a time",brand.secondary,#A78A55,"Warm Gold — achievement, value, highlights, progress indicators",type.h1,"Noto Sans Display",32.0,"Page titles, phase headers"
"VSM School",vsm-school,"From foundation to mastery, one phase at a time",accent.error,#C5544D,"Terra Cotta — errors, critical alerts, needs correction",type.h2,"Noto Sans Display",28.0,"Section headers, major divisions"
"VSM School",vsm-school,"From foundation to mastery, one phase at a time",accent.success,#88A57B,"Sage Green — success states, completion, mastery achieved",type.h2,"Noto Sans Display",28.0,"Section headers, major divisions"
"VSM School",vsm-school,"From foundation to mastery, one phase at a time",accent.warning,#E2B13C,"Amber — warnings, attention needed, caution",type.h2,"Noto Sans Display",28.0,"Section headers, major divisions"
"VSM School",vsm-school,"From foundation to mastery, one phase at a time",brand.neutralDark,#4A4A4A,"Stone Grey — body text, secondary headings, grounded elements",type.h2,"Noto Sans Display",28.0,"Section headers, major divisions"
"VSM School",vsm-school,"From foundation to mastery, one phase at a time",brand.neutralLight,#F5F5F5,"Soft Background — page base, card surfaces, breathing space",type.h2,"Noto Sans Display",28.0,"Section headers, major divisions"
"VSM School",vsm-school,"From foundation to mastery, one phase at a time",brand.secondary,#A78A55,"Warm Gold — achievement, value, highlights, progress indicators",type.h2,"Noto Sans Display",28.0,"Section headers, major divisions"
"VSM School",vsm-school,"From foundation to mastery, one phase at a time",accent.error,#C5544D,"Terra Cotta — errors, critical alerts, needs correction",type.h3,"Noto Sans Display",22.0,"Subsection headers, lesson titles"
"VSM School",vsm-school,"From foundation to mastery, one phase at a time",accent.success,#88A57B,"Sage Green — success states, completion, mastery achieved",type.h3,"Noto Sans Display",22.0,"Subsection headers, lesson titles"
"VSM School",vsm-school,"From foundation to mastery, one phase at a time",accent.warning,#E2B13C,"Amber — warnings, attention needed, caution",type.h3,"Noto Sans Display",22.0,"Subsection headers, lesson titles"
"VSM School",vsm-school,"From foundation to mastery, one phase at a time",brand.neutralDark,#4A4A4A,"Stone Grey — body text, secondary headings, grounded elements",type.h3,"Noto Sans Display",22.0,"Subsection headers, lesson titles"
"VSM School",vsm-school,"From foundation to mastery, one phase at a time",brand.neutralLight,#F5F5F5,"Soft Background — page base, card surfaces, breathing space",type.h3,"Noto Sans Display",22.0,"Subsection headers, lesson titles"
"VSM School",vsm-school,"From foundation to mastery, one phase at a time",brand.secondary,#A78A55,"Warm Gold — achievement, value, highlights, progress indicators",type.h3,"Noto Sans Display",22.0,"Subsection headers, lesson titles"
"VSM School",vsm-school,"From foundation to mastery, one phase at a time",accent.error,#C5544D,"Terra Cotta — errors, critical alerts, needs correction",type.body.large,Inter,18.0,"Lead paragraphs, introductions"
"VSM School",vsm-school,"From foundation to mastery, one phase at a time",accent.error,#C5544D,"Terra Cotta — errors, critical alerts, needs correction",type.h4,"Noto Sans Display",18.0,"Card titles, minor headings"
"VSM School",vsm-school,"From foundation to mastery, one phase at a time",accent.success,#88A57B,"Sage Green — success states, completion, mastery achieved",type.body.large,Inter,18.0,"Lead paragraphs, introductions"
"VSM School",vsm-school,"From foundation to mastery, one phase at a time",accent.success,#88A57B,"Sage Green — success states, completion, mastery achieved",type.h4,"Noto Sans Display",18.0,"Card titles, minor headings"
"VSM School",vsm-school,"From foundation to mastery, one phase at a time",accent.warning,#E2B13C,"Amber — warnings, attention needed, caution",type.body.large,Inter,18.0,"Lead paragraphs, introductions"
"VSM School",vsm-school,"From foundation to mastery, one phase at a time",accent.warning,#E2B13C,"Amber — warnings, attention needed, caution",type.h4,"Noto Sans Display",18.0,"Card titles, minor headings"
"VSM School",vsm-school,"From foundation to mastery, one phase at a time",brand.neutralDark,#4A4A4A,"Stone Grey — body text, secondary headings, grounded elements",type.body.large,Inter,18.0,"Lead paragraphs, introductions"
"VSM School",vsm-school,"From foundation to mastery, one phase at a time",brand.neutralDark,#4A4A4A,"Stone Grey — body text, secondary headings, grounded elements",type.h4,"Noto Sans Display",18.0,"Card titles, minor headings"
"VSM School",vsm-school,"From foundation to mastery, one phase at a time",brand.neutralLight,#F5F5F5,"Soft Background — page base, card surfaces, breathing space",type.body.large,Inter,18.0,"Lead paragraphs, introductions"
"VSM School",vsm-school,"From foundation to mastery, one phase at a time",brand.neutralLight,#F5F5F5,"Soft Background — page base, card surfaces, breathing space",type.h4,"Noto Sans Display",18.0,"Card titles, minor headings"
"VSM School",vsm-school,"From foundation to mastery, one phase at a time",brand.secondary,#A78A55,"Warm Gold — achievement, value, highlights, progress indicators",type.body.large,Inter,18.0,"Lead paragraphs, introductions"
"VSM School",vsm-school,"From foundation to mastery, one phase at a time",brand.secondary,#A78A55,"Warm Gold — achievement, value, highlights, progress indicators",type.h4,"Noto Sans Display",18.0,"Card titles, minor headings"
"VSM School",vsm-school,"From foundation to mastery, one phase at a time",accent.error,#C5544D,"Terra Cotta — errors, critical alerts, needs correction",type.body,Inter,16.0,"Standard content, instructions, descriptions"
"VSM School",vsm-school,"From foundation to mastery, one phase at a time",accent.error,#C5544D,"Terra Cotta — errors, critical alerts, needs correction",type.button,Inter,16.0,"Button labels, CTAs"
"VSM School",vsm-school,"From foundation to mastery, one phase at a time",accent.error,#C5544D,"Terra Cotta — errors, critical alerts, needs correction",type.emphasis,Inter,16.0,"Emphasized body text, key concepts"
"VSM School",vsm-school,"From foundation to mastery, one phase at a time",accent.success,#88A57B,"Sage Green — success states, completion, mastery achieved",type.body,Inter,16.0,"Standard content, instructions, descriptions"
"VSM School",vsm-school,"From foundation to mastery, one phase at a time",accent.success,#88A57B,"Sage Green — success states, completion, mastery achieved",type.button,Inter,16.0,"Button labels, CTAs"
"VSM School",vsm-school,"From foundation to mastery, one phase at a time",accent.success,#88A57B,"Sage Green — success states, completion, mastery achieved",type.emphasis,Inter,16.0,"Emphasized body text, key concepts"
"VSM School",vsm-school,"From foundation to mastery, one phase at a time",accent.warning,#E2B13C,"Amber — warnings, attention needed, caution",type.body,Inter,16.0,"Standard content, instructions, descriptions"
"VSM School",vsm-school,"From foundation to mastery, one phase at a time",accent.warning,#E2B13C,"Amber — warnings, attention needed, caution",type.button,Inter,16.0,"Button labels, CTAs"
"VSM School",vsm-school,"From foundation to mastery, one phase at a time",accent.warning,#E2B13C,"Amber — warnings, attention needed, caution",type.emphasis,Inter,16.0,"Emphasized body text, key concepts"
"VSM School",vsm-school,"From foundation to mastery, one phase at a time",brand.neutralDark,#4A4A4A,"Stone Grey — body text, secondary headings, grounded elements",type.body,Inter,16.0,"Standard content, instructions, descriptions"
"VSM School",vsm-school,"From foundation to mastery, one phase at a time",brand.neutralDark,#4A4A4A,"Stone Grey — body text, secondary headings, grounded elements",type.button,Inter,16.0,"Button labels, CTAs"
"VSM School",vsm-school,"From foundation to mastery, one phase at a time",brand.neutralDark,#4A4A4A,"Stone Grey — body text, secondary headings, grounded elements",type.emphasis,Inter,16.0,"Emphasized body text, key concepts"
"VSM School",vsm-school,"From foundation to mastery, one phase at a time",brand.neutralLight,#F5F5F5,"Soft Background — page base, card surfaces, breathing space",type.body,Inter,16.0,"Standard content, instructions, descriptions"
"VSM School",vsm-school,"From foundation to mastery, one phase at a time",brand.neutralLight,#F5F5F5,"Soft Background — page base, card surfaces, breathing space",type.button,Inter,16.0,"Button labels, CTAs"
"VSM School",vsm-school,"From foundation to mastery, one phase at a time",brand.neutralLight,#F5F5F5,"Soft Background — page base, card surfaces, breathing space",type.emphasis,Inter,16.0,"Emphasized body text, key concepts"
"VSM School",vsm-school,"From foundation to mastery, one phase at a time",brand.secondary,#A78A55,"Warm Gold — achievement, value, highlights, progress indicators",type.body,Inter,16.0,"Standard content, instructions, descriptions"
"VSM School",vsm-school,"From foundation to mastery, one phase at a time",brand.secondary,#A78A55,"Warm Gold — achievement, value, highlights, progress indicators",type.button,Inter,16.0,"Button labels, CTAs"
"VSM School",vsm-school,"From foundation to mastery, one phase at a time",brand.secondary,#A78A55,"Warm Gold — achievement, value, highlights, progress indicators",type.emphasis,Inter,16.0,"Emphasized body text, key concepts"
"VSM School",vsm-school,"From foundation to mastery, one phase at a time",accent.error,#C5544D,"Terra Cotta — errors, critical alerts, needs correction",type.body.small,Inter,14.0,"Secondary information, metadata"
"VSM School",vsm-school,"From foundation to mastery, one phase at a time",accent.error,#C5544D,"Terra Cotta — errors, critical alerts, needs correction",type.label,Inter,14.0,"Form labels, card categories, phase labels"
"VSM School",vsm-school,"From foundation to mastery, one phase at a time",accent.success,#88A57B,"Sage Green — success states, completion, mastery achieved",type.body.small,Inter,14.0,"Secondary information, metadata"
"VSM School",vsm-school,"From foundation to mastery, one phase at a time",accent.success,#88A57B,"Sage Green — success states, completion, mastery achieved",type.label,Inter,14.0,"Form labels, card categories, phase labels"
"VSM School",vsm-school,"From foundation to mastery, one phase at a time",accent.warning,#E2B13C,"Amber — warnings, attention needed, caution",type.body.small,Inter,14.0,"Secondary information, metadata"
"VSM School",vsm-school,"From foundation to mastery, one phase at a time",accent.warning,#E2B13C,"Amber — warnings, attention needed, caution",type.label,Inter,14.0,"Form labels, card categories, phase labels"
"VSM School",vsm-school,"From foundation to mastery, one phase at a time",brand.neutralDark,#4A4A4A,"Stone Grey — body text, secondary headings, grounded elements",type.body.small,Inter,14.0,"Secondary information, metadata"
"VSM School",vsm-school,"From foundation to mastery, one phase at a time",brand.neutralDark,#4A4A4A,"Stone Grey — body text, secondary headings, grounded elements",type.label,Inter,14.0,"Form labels, card categories, phase labels"
"VSM School",vsm-school,"From foundation to mastery, one phase at a time",brand.neutralLight,#F5F5F5,"Soft Background — page base, card surfaces, breathing space",type.body.small,Inter,14.0,"Secondary information, metadata"
"VSM School",vsm-school,"From foundation to mastery, one phase at a time",brand.neutralLight,#F5F5F5,"Soft Background — page base, card surfaces, breathing space",type.label,Inter,14.0,"Form labels, card categories, phase labels"
"VSM School",vsm-school,"From foundation to mastery, one phase at a time",brand.secondary,#A78A55,"Warm Gold — achievement, value, highlights, progress indicators",type.body.small,Inter,14.0,"Secondary information, metadata"
"VSM School",vsm-school,"From foundation to mastery, one phase at a time",brand.secondary,#A78A55,"Warm Gold — achievement, value, highlights, progress indicators",type.label,Inter,14.0,"Form labels, card categories, phase labels"
"VSM School",vsm-school,"From foundation to mastery, one phase at a time",accent.error,#C5544D,"Terra Cotta — errors, critical alerts, needs correction",type.caption,Inter,12.0,"Tiny labels, timestamps, footnotes"
"VSM School",vsm-school,"From foundation to mastery, one phase at a time",accent.success,#88A57B,"Sage Green — success states, completion, mastery achieved",type.caption,Inter,12.0,"Tiny labels, timestamps, footnotes"
"VSM School",vsm-school,"From foundation to mastery, one phase at a time",accent.warning,#E2B13C,"Amber — warnings, attention needed, caution",type.caption,Inter,12.0,"Tiny labels, timestamps, footnotes"
"VSM School",vsm-school,"From foundation to mastery, one phase at a time",brand.neutralDark,#4A4A4A,"Stone Grey — body text, secondary headings, grounded elements",type.caption,Inter,12.0,"Tiny labels, timestamps, footnotes"
"VSM School",vsm-school,"From foundation to mastery, one phase at a time",brand.neutralLight,#F5F5F5,"Soft Background — page base, card surfaces, breathing space",type.caption,Inter,12.0,"Tiny labels, timestamps, footnotes"
"VSM School",vsm-school,"From foundation to mastery, one phase at a time",brand.secondary,#A78A55,"Warm Gold — achievement, value, highlights, progress indicators",type.caption,Inter,12.0,"Tiny labels, timestamps, footnotes"
